{
  "model": "bc_monza_human_v1",
  "checkpoint": "D:\\Git\\virtual457-projects\\AssetoCorsa\\checkpoints\\bc_monza_human_v1\\best.pt",
  "data": "D:\\Git\\virtual457-projects\\AssetoCorsa\\human_data\\processed\\monza_ks_mazda_miata_mlp.npz",
  "n_samples": 159255,
  "steer_threshold": 0.1,
  "per_class": {
    "left": {
      "precision": 0.9942140790742526,
      "recall": 0.9906317559452318,
      "f1": 0.9924196847551437,
      "support": 8326
    },
    "straight": {
      "precision": 0.9987622668199099,
      "recall": 0.9990566872033724,
      "f1": 0.9989094553171421,
      "support": 135692
    },
    "right": {
      "precision": 0.9947461745583503,
      "recall": 0.9940933254577673,
      "f1": 0.9944196428571429,
      "support": 15237
    }
  },
  "macro_f1": 0.9952495943098096,
  "naive_baseline_macro_f1": 0.306703690267517,
  "is_degenerate": false,
  "mae_all_steer": 0.002630767412483692,
  "mae_turning_steer": 0.006089427042752504,
  "action_entropy_nats": 1.374626229237393,
  "confusion_matrix_norm": [
    [
      0.9906317559452318,
      0.009368244054768196,
      0.0
    ],
    [
      0.0003537422987353713,
      0.9990566872033724,
      0.0005895704978922854
    ],
    [
      0.0,
      0.005906674542232723,
      0.9940933254577673
    ]
  ],
  "pred_steer_histogram": {
    "bin_edges": [
      -1.0,
      -0.8999999761581421,
      -0.800000011920929,
      -0.699999988079071,
      -0.6000000238418579,
      -0.5,
      -0.4000000059604645,
      -0.30000001192092896,
      -0.20000000298023224,
      -0.10000000149011612,
      0.0,
      0.10000000149011612,
      0.20000000298023224,
      0.30000001192092896,
      0.4000000059604645,
      0.5,
      0.6000000238418579,
      0.699999988079071,
      0.800000011920929,
      0.8999999761581421,
      1.0
    ],
    "counts": [
      3039,
      235,
      278,
      344,
      397,
      544,
      813,
      1112,
      1534,
      73317,
      62415,
      3584,
      1843,
      1410,
      1116,
      754,
      519,
      437,
      413,
      5151
    ]
  }
}