label,checkpoint,n_eps,lap_dist_mean,lap_dist_max,ep_reward_mean,frames_mean,frames_max,speed_mean_mean,speed_max_mean,positive_frac_mean,crash_rate,stationary_rate,env_done_rate,max_frames_rate,oot_frac_mean,best_lap_s_min
20260421_070329_cycle005,D:\Git\virtual457-projects\AssetoCorsa\trained_models\SAC_VectorQ_V2\cycle_backups\20260421_070329_cycle005\latest.pt,10,3721.14802207905,5758.3479502292175,1406.5468085629695,2911.2,6882.0,27.215640275259,36.80321559906006,0.8839836392910275,1.0,0.0,0.0,0.0,0.052851823995000345,0.0
20260421_105031_cycle010,D:\Git\virtual457-projects\AssetoCorsa\trained_models\SAC_VectorQ_V2\cycle_backups\20260421_105031_cycle010\latest.pt,10,3996.3817011873443,5758.6383337413135,2296.5148409259095,4276.1,6741.0,28.31593453477135,39.54864025115967,0.9158697811608185,1.0,0.0,0.0,0.0,0.03542851329191586,0.0
20260421_133109_current,D:\Git\virtual457-projects\AssetoCorsa\trained_models\SAC_VectorQ_V2\cycle_backups\20260421_133109_current\latest.pt,10,3726.0128040139634,5758.621171595209,2513.9933792953307,4442.9,6830.0,29.122652284741935,40.36290054321289,0.9332637690676207,1.0,0.0,0.0,0.0,0.029762830632759342,0.0
