label,checkpoint,n_eps,lap_dist_mean,lap_dist_max,ep_reward_mean,frames_mean,speed_mean_mean,speed_max_mean,positive_frac_mean,oot_frac_mean,best_lap_s_min
20260421_070329_cycle005,D:\Git\virtual457-projects\AssetoCorsa\trained_models\SAC_VectorQ_V2\cycle_backups\20260421_070329_cycle005\latest.pt,10,2928.9038420324423,5238.112845078169,788.4969447712544,3692.4,24.49735045861954,38.237965965270995,0.7070230519480518,0.2054780303030303,0.0
20260421_105031_cycle010,D:\Git\virtual457-projects\AssetoCorsa\trained_models\SAC_VectorQ_V2\cycle_backups\20260421_105031_cycle010\latest.pt,10,2696.4549383669555,5244.342360871349,1061.3159391245913,3864.9,23.523717378506223,34.97170467376709,0.7614630212482085,0.1362268743500824,0.0
20260421_133109_current,D:\Git\virtual457-projects\AssetoCorsa\trained_models\SAC_VectorQ_V2\cycle_backups\20260421_133109_current\latest.pt,10,2691.0002934704144,5220.2144429053005,1326.4117837018525,3494.9,25.29518180090822,36.96532554626465,0.7959146461012656,0.13403277964144208,0.0
